Image,NewFileName
https://go-upc.s3.amazonaws.com/images/91749292.jpeg,72549000667.webp
https://go-upc.s3.amazonaws.com/images/75361431.png,80833101242.webp
https://go-upc.s3.amazonaws.com/images/75361413.jpeg,80833100122.webp
https://go-upc.s3.amazonaws.com/images/70446114.png,41798002104.webp
https://go-upc.s3.amazonaws.com/images/80552891.jpeg,41798002258.webp
https://go-upc.s3.amazonaws.com/images/70446124.jpeg,41798002401.webp
https://go-upc.s3.amazonaws.com/images/95790843.jpeg,41798002951.webp
https://go-upc.s3.amazonaws.com/images/86444870.png,41798004351.webp
https://go-upc.s3.amazonaws.com/images/68648509.png,689076548380.webp
https://go-upc.s3.amazonaws.com/images/100219291.jpeg,893007002050.webp
https://go-upc.s3.amazonaws.com/images/87962461.jpeg,893007002098.webp
https://go-upc.s3.amazonaws.com/images/96347448.jpeg,893007002128.webp
https://go-upc.s3.amazonaws.com/images/124349164.png,893007002029.webp
https://go-upc.s3.amazonaws.com/images/92812932.jpeg,73731001219.webp
https://go-upc.s3.amazonaws.com/images/104964328.jpeg,73731002353.webp
https://go-upc.s3.amazonaws.com/images/73614525.jpeg,73731002742.webp
https://go-upc.s3.amazonaws.com/images/19845039.jpeg,73731002902.webp
https://go-upc.s3.amazonaws.com/images/94749386.jpeg,73731002919.webp
https://go-upc.s3.amazonaws.com/images/93240286.jpeg,73731004159.webp
https://go-upc.s3.amazonaws.com/images/104593218.jpeg,73731004197.webp
https://go-upc.s3.amazonaws.com/images/65785619.png,73731008300.webp
https://go-upc.s3.amazonaws.com/images/94285033.jpeg,73731070000.webp
https://go-upc.s3.amazonaws.com/images/32613851.jpeg,73731070130.webp
https://go-upc.s3.amazonaws.com/images/94897118.jpeg,73731070147.webp
https://go-upc.s3.amazonaws.com/images/93506951.jpeg,73731071076.webp
https://go-upc.s3.amazonaws.com/images/94694557.jpeg,73731071090.webp
https://go-upc.s3.amazonaws.com/images/94646417.jpeg,73731071212.webp
https://go-upc.s3.amazonaws.com/images/100832309.jpeg,73731071403.webp
https://go-upc.s3.amazonaws.com/images/94102431.jpeg,73731071502.webp
https://go-upc.s3.amazonaws.com/images/94120357.jpeg,73731071519.webp
https://go-upc.s3.amazonaws.com/images/80990827.png,73731071564.webp
https://go-upc.s3.amazonaws.com/images/98651074.png,73731071588.webp
https://go-upc.s3.amazonaws.com/images/124420641.png,73731071595.webp
https://go-upc.s3.amazonaws.com/images/32739144.jpeg,73731071601.webp
https://go-upc.s3.amazonaws.com/images/84708609.jpeg,73731071625.webp
https://go-upc.s3.amazonaws.com/images/100569088.jpeg,73731071700.webp
https://go-upc.s3.amazonaws.com/images/94185669.jpeg,73731071717.webp
https://go-upc.s3.amazonaws.com/images/45173907.jpeg,73731072004.webp
https://go-upc.s3.amazonaws.com/images/50472792.png,73731200056.webp
https://go-upc.s3.amazonaws.com/images/124446217.png,73731990506.webp
https://go-upc.s3.amazonaws.com/images/92027679.jpeg,860062002226.webp
https://go-upc.com/api/beta/image/0713733223096,713733223096.webp
https://images.openfoodfacts.org/images/products/071/373/300/8334/front_en.3.400.jpg,713733008334.webp
https://images.openfoodfacts.org/images/products/071/373/300/8341/front_en.3.400.jpg,713733008341.webp
https://go-upc.s3.amazonaws.com/images/118465763.jpeg,713733008358.webp
https://images.openfoodfacts.org/images/products/071/373/300/8389/front_en.3.400.jpg,713733008389.webp
https://go-upc.s3.amazonaws.com/images/118412310.jpeg,713733008396.webp
https://images.openfoodfacts.org/images/products/071/373/300/8426/front_en.3.400.jpg,713733008426.webp
https://go-upc.s3.amazonaws.com/images/88609140.jpeg,41250009450.webp
https://go-upc.s3.amazonaws.com/images/121555380.jpeg,41250011828.webp
https://go-upc.s3.amazonaws.com/images/68105991.jpeg,708820030381.webp
https://go-upc.s3.amazonaws.com/images/66300480.jpeg,708820030558.webp
https://go-upc.s3.amazonaws.com/images/91820346.jpeg,708820030589.webp
https://go-upc.s3.amazonaws.com/images/118461968.jpeg,708820040243.webp
https://i.ebayimg.com/images/g/6sAAAOSw5WllexcB/s-l500.png,713733064866.webp
https://go-upc.s3.amazonaws.com/images/118416588.jpeg,41250066859.webp
https://go-upc.s3.amazonaws.com/images/118412416.jpeg,713733068369.webp
https://go-upc.s3.amazonaws.com/images/118465853.jpeg,713733068567.webp
https://go-upc.s3.amazonaws.com/images/118465857.jpeg,713733068574.webp
https://go-upc.s3.amazonaws.com/images/118412425.jpeg,713733068581.webp
https://go-upc.s3.amazonaws.com/images/118474508.jpeg,41250073437.webp
https://go-upc.s3.amazonaws.com/images/79359867.jpeg,41250073444.webp
https://go-upc.s3.amazonaws.com/images/96347179.png,41250087694.webp
https://go-upc.s3.amazonaws.com/images/81226060.png,41250087700.webp
https://go-upc.s3.amazonaws.com/images/88118074.jpeg,41250087786.webp
https://go-upc.s3.amazonaws.com/images/118416643.jpeg,41250087793.webp
https://go-upc.s3.amazonaws.com/images/96401051.png,708820115217.webp
https://go-upc.s3.amazonaws.com/images/80132025.png,713733124065.webp
https://go-upc.s3.amazonaws.com/images/94639267.png,713733124072.webp
https://go-upc.s3.amazonaws.com/images/129216351.jpeg,713733124089.webp
https://go-upc.s3.amazonaws.com/images/118377407.jpeg,760236125211.webp
https://go-upc.s3.amazonaws.com/images/82600708.png,760236125235.webp
https://go-upc.com/api/beta/image/0760236125242,760236125242.webp
https://go-upc.s3.amazonaws.com/images/133755775.jpeg,760236125259.webp
https://go-upc.s3.amazonaws.com/images/117771029.jpeg,760236125273.webp
https://go-upc.s3.amazonaws.com/images/118476287.jpeg,760236125310.webp
https://go-upc.s3.amazonaws.com/images/96440523.png,760236125341.webp
https://go-upc.s3.amazonaws.com/images/87519172.jpeg,760236125365.webp
https://go-upc.s3.amazonaws.com/images/94639731.png,760236125372.webp
https://go-upc.s3.amazonaws.com/images/118419220.jpeg,760236150596.webp
https://go-upc.s3.amazonaws.com/images/118398547.jpeg,760236150664.webp
https://go-upc.s3.amazonaws.com/images/118413696.jpeg,760236161882.webp
https://go-upc.s3.amazonaws.com/images/65495884.jpeg,708820176058.webp
https://go-upc.s3.amazonaws.com/images/118462820.jpeg,708820176102.webp
https://go-upc.s3.amazonaws.com/images/121394620.jpeg,713733286558.webp
https://go-upc.s3.amazonaws.com/images/118417009.jpeg,713733286565.webp
https://go-upc.s3.amazonaws.com/images/118417019.jpeg,713733286596.webp
https://i.ebayimg.com/images/g/XCIAAOSwTrNliB1v/s-l500.png,708820318281.webp
https://go-upc.s3.amazonaws.com/images/111909403.png,708820318779.webp
https://go-upc.s3.amazonaws.com/images/118409241.png,708820320574.webp
https://go-upc.s3.amazonaws.com/images/107961387.jpeg,708820320710.webp
https://go-upc.s3.amazonaws.com/images/94640251.png,719283328212.webp
https://go-upc.s3.amazonaws.com/images/123313859.jpeg,708820343795.webp
https://go-upc.s3.amazonaws.com/images/96389346.png,708820353183.webp
https://go-upc.s3.amazonaws.com/images/94641206.png,760236364474.webp
https://i.ebayimg.com/images/g/E2cAAOSwC1llvVvq/s-l400.jpg,708820364851.webp
https://go-upc.s3.amazonaws.com/images/94639434.png,886926377590.webp
https://go-upc.s3.amazonaws.com/images/94347057.png,896180001001.webp
https://go-upc.s3.amazonaws.com/images/35308514.png,896180001018.webp
https://go-upc.s3.amazonaws.com/images/92939903.png,896180001025.webp
https://go-upc.s3.amazonaws.com/images/92716412.jpeg,896180001032.webp
https://go-upc.s3.amazonaws.com/images/99705714.jpeg,896180001100.webp
https://go-upc.s3.amazonaws.com/images/99160280.jpeg,896180001292.webp
https://go-upc.s3.amazonaws.com/images/82435327.jpeg,896180001704.webp
https://go-upc.s3.amazonaws.com/images/92808812.jpeg,896180001773.webp
https://go-upc.s3.amazonaws.com/images/87692314.jpeg,896180001568.webp
https://go-upc.s3.amazonaws.com/images/94317778.jpeg,79746200005.webp
https://go-upc.s3.amazonaws.com/images/82482391.png,79746230002.webp
https://go-upc.s3.amazonaws.com/images/92850384.jpeg,79746300002.webp
https://go-upc.s3.amazonaws.com/images/96027781.jpeg,79746220003.webp
https://go-upc.s3.amazonaws.com/images/75973351.png,860002461755.webp
https://go-upc.s3.amazonaws.com/images/73547140.png,860451000406.webp
https://go-upc.s3.amazonaws.com/images/50015905.jpeg,860451000413.webp
https://go-upc.s3.amazonaws.com/images/76534176.jpeg,850003748771.webp
https://go-upc.s3.amazonaws.com/images/88871341.jpeg,850003748788.webp
https://go-upc.s3.amazonaws.com/images/91250753.jpeg,850003748795.webp
https://go-upc.s3.amazonaws.com/images/88871341.jpeg,850003748832.webp
https://go-upc.s3.amazonaws.com/images/76534304.png,850003748856.webp
https://go-upc.s3.amazonaws.com/images/92216324.jpeg,850003748870.webp
https://go-upc.s3.amazonaws.com/images/88871341.jpeg,850003748887.webp
https://go-upc.s3.amazonaws.com/images/83056686.png,41953001805.webp
https://go-upc.s3.amazonaws.com/images/125742071.png,41953001829.webp
https://go-upc.s3.amazonaws.com/images/83056716.png,41953001843.webp
https://go-upc.s3.amazonaws.com/images/125731294.png,41953001928.webp
https://go-upc.s3.amazonaws.com/images/73608436.jpeg,41953001942.webp
https://go-upc.s3.amazonaws.com/images/99533126.jpeg,41953002772.webp
https://go-upc.s3.amazonaws.com/images/89293191.jpeg,41953003540.webp
https://go-upc.s3.amazonaws.com/images/83453411.png,41953004370.webp
https://go-upc.s3.amazonaws.com/images/88079420.png,41953004400.webp
https://go-upc.s3.amazonaws.com/images/83264306.png,41953014508.webp
https://go-upc.s3.amazonaws.com/images/88079414.png,41953003946.webp
https://go-upc.s3.amazonaws.com/images/88079408.png,41953003953.webp
https://go-upc.s3.amazonaws.com/images/84162839.png,41953075059.webp
https://go-upc.s3.amazonaws.com/images/84140135.png,41953075066.webp
https://go-upc.s3.amazonaws.com/images/93284465.jpeg,41953075073.webp
https://go-upc.s3.amazonaws.com/images/128365863.png,41953075080.webp
https://go-upc.s3.amazonaws.com/images/94955981.jpeg,15500183689.webp
https://go-upc.s3.amazonaws.com/images/64128260.png,15500183764.webp
https://go-upc.s3.amazonaws.com/images/34923929.jpeg,15500191356.webp
https://go-upc.s3.amazonaws.com/images/96886608.png,815099021634.webp
https://go-upc.s3.amazonaws.com/images/95207350.jpeg,815099021641.webp
https://go-upc.s3.amazonaws.com/images/40838300.jpeg,815099021658.webp
https://go-upc.s3.amazonaws.com/images/100954289.jpeg,815099021665.webp
https://go-upc.s3.amazonaws.com/images/99709429.jpeg,815099021672.webp
https://go-upc.s3.amazonaws.com/images/100004533.jpeg,815099021689.webp
https://go-upc.s3.amazonaws.com/images/101033108.jpeg,815099021696.webp
https://go-upc.s3.amazonaws.com/images/94727871.jpeg,815099021726.webp
https://go-upc.s3.amazonaws.com/images/93829890.jpeg,815099021801.webp
https://go-upc.s3.amazonaws.com/images/95686530.jpeg,815099021900.webp
https://go-upc.s3.amazonaws.com/images/70173.jpeg,815099021788.webp
https://go-upc.s3.amazonaws.com/images/82918177.jpeg,815099021795.webp
https://go-upc.s3.amazonaws.com/images/101441626.jpeg,815099021832.webp
https://go-upc.s3.amazonaws.com/images/98892452.jpeg,815099021849.webp
https://go-upc.s3.amazonaws.com/images/117096496.jpeg,815099022181.webp
https://go-upc.s3.amazonaws.com/images/109413551.jpeg,815099022204.webp
https://go-upc.s3.amazonaws.com/images/104791727.jpeg,78858521442.webp
https://go-upc.s3.amazonaws.com/images/93475282.png,78858525051.webp
https://go-upc.s3.amazonaws.com/images/93844705.jpeg,78858540009.webp
https://go-upc.s3.amazonaws.com/images/91975614.jpeg,78858540047.webp
https://go-upc.s3.amazonaws.com/images/94068337.jpeg,29243000011.webp
https://go-upc.s3.amazonaws.com/images/128313273.png,29243000028.webp
https://go-upc.s3.amazonaws.com/images/128312831.png,29243000059.webp
https://go-upc.s3.amazonaws.com/images/128312977.png,29243000066.webp
https://go-upc.s3.amazonaws.com/images/95158680.png,29243000073.webp
https://go-upc.s3.amazonaws.com/images/128313421.png,29243000080.webp
https://go-upc.s3.amazonaws.com/images/84001334.png,29243000103.webp
https://go-upc.s3.amazonaws.com/images/90423721.png,29243000127.webp
https://go-upc.s3.amazonaws.com/images/125693397.png,29243000134.webp
https://go-upc.s3.amazonaws.com/images/34468412.jpeg,29243000233.webp
https://go-upc.s3.amazonaws.com/images/128313105.png,29243000240.webp
https://go-upc.s3.amazonaws.com/images/125693357.png,29243005009.webp
https://go-upc.s3.amazonaws.com/images/124513285.png,739478505600.webp
https://go-upc.s3.amazonaws.com/images/100236635.jpeg,41953004288.webp
https://go-upc.s3.amazonaws.com/images/94210380.jpeg,48564067008.webp
https://go-upc.s3.amazonaws.com/images/80939319.png,48564070022.webp
https://go-upc.s3.amazonaws.com/images/96924208.jpeg,48564072057.webp
https://go-upc.s3.amazonaws.com/images/50582024.png,48564074037.webp
https://go-upc.s3.amazonaws.com/images/96665600.jpeg,48564060023.webp
https://go-upc.s3.amazonaws.com/images/113048326.jpeg,713733279482.webp
https://go-upc.s3.amazonaws.com/images/88379007.jpeg,814026008120.webp
https://go-upc.s3.amazonaws.com/images/96385305.png,814026008144.webp
https://go-upc.s3.amazonaws.com/images/88941106.jpeg,814026008168.webp
https://go-upc.s3.amazonaws.com/images/99407163.jpeg,814026009820.webp
https://go-upc.s3.amazonaws.com/images/66902714.jpeg,865957000165.webp
https://go-upc.s3.amazonaws.com/images/88486362.jpeg,94922522535.webp
https://i.ebayimg.com/thumbs/images/g/DO4AAOSwjVNlghQM/s-l500.jpg,708820030510.webp
https://i.ebayimg.com/thumbs/images/g/e0kAAOSwuzhlh0G2/s-l500.jpg,708820030572.webp
https://go-upc.s3.amazonaws.com/images/115588153.jpeg,708820052338.webp
https://go-upc.com/api/beta/image/0708820062580,708820062580.webp
https://go-upc.com/api/beta/image/0708820176096,708820176096.webp
https://go-upc.s3.amazonaws.com/images/118443496.jpeg,708820178311.webp
https://go-upc.com/api/beta/image/0708820263314,708820263314.webp
https://go-upc.com/api/beta/image/0708820279957,708820279957.webp
https://go-upc.com/api/beta/image/0719283328090,719283328090.webp
https://go-upc.com/api/beta/image/0719283557346,719283557346.webp
https://go-upc.com/api/beta/image/0719283592989,719283592989.webp
https://go-upc.com/api/beta/image/0760236125204,760236125204.webp
https://go-upc.s3.amazonaws.com/images/125873870.jpeg,760236125266.webp
https://go-upc.s3.amazonaws.com/images/129606405.jpeg,760236150572.webp
https://go-upc.s3.amazonaws.com/images/129606410.jpeg,760236150602.webp
https://go-upc.com/api/beta/image/0760236152514,760236152514.webp
https://go-upc.com/api/beta/image/0760236152521,760236152521.webp
https://go-upc.com/api/beta/image/0760236152538,760236152538.webp
https://i.ebayimg.com/thumbs/images/g/rc0AAOSw3yNkoade/s-l500.jpg,886926377569.webp
